<?xml version="1.0" encoding="UTF-8" ?>
<beans xmlns:xsi="http://www.w3.org/2001/XMLSchema-instance"
	xmlns="http://www.springframework.org/schema/beans"
	xmlns:context="http://www.springframework.org/schema/context" 
	xmlns:mvc="http://www.springframework.org/schema/mvc" 	
	xsi:schemaLocation="http://www.springframework.org/schema/beans
       	http://www.springframework.org/schema/beans/spring-beans.xsd
       	http://www.springframework.org/schema/context
       	http://www.springframework.org/schema/context/spring-context.xsd
       	http://www.springframework.org/schema/mvc 				
		http://www.springframework.org/schema/mvc/spring-mvc.xsd"> 

	<context:component-scan base-package="com.example.controller" />

	<mvc:annotation-driven/>		
	
	<mvc:default-servlet-handler />
	
	<bean id="viewResolver"
		class="org.springframework.web.servlet.view.InternalResourceViewResolver">
		<property name="viewClass" value="org.springframework.web.servlet.view.JstlView"/>
		<property name="prefix" value="/WEB-INF/view/"/>
		<property name="suffix" value=".jsp"/>
	</bean>
	
	<mvc:view-controller path="/index" view-name="index" />
	
</beans>